Wilkins PLC,738
"""Grant",778
Brady-Hooper,719
Myers Group,791
"""Chan",788
" Rios and Barrett""",540
"""Patterson",759
" Daniels and Paul""",478
"""White",728
" Meyers and Knapp""",502
Bauer Group,732
Byrd Inc,734
"""Miller",2173
" Henry and Hernandez""",495
Coleman Inc,747
Washington-Booth,751
" Lopez and Patterson""",516
" Boyd and Brown""",506
James LLC,801
"""Arroyo",777
" Campbell and Gilbert""",523
"""Wells",763
" Bailey and Romero""",511
Wagner-Stewart,742
" Meyers and Martinez""",451
"""Jackson",707
Smith and Sons,747
" Johnson and Becker""",503
Wilkins PLC,738
"""Grant",778
Brady-Hooper,719
Myers Group,791
"""Chan",788
" Rios and Barrett""",540
"""Patterson",759
" Daniels and Paul""",478
"""White",728
" Meyers and Knapp""",502
Bauer Group,732
Byrd Inc,734
"""Miller",2173
" Henry and Hernandez""",495
Coleman Inc,747
Washington-Booth,751
" Lopez and Patterson""",516
" Boyd and Brown""",506
James LLC,801
"""Arroyo",777
" Campbell and Gilbert""",523
"""Wells",763
" Bailey and Romero""",511
Wagner-Stewart,742
" Meyers and Martinez""",451
"""Jackson",707
Smith and Sons,747
" Johnson and Becker""",503
Wilkins PLC,738
"""Grant",778
Brady-Hooper,719
Myers Group,791
"""Chan",788
" Rios and Barrett""",540
"""Patterson",759
" Daniels and Paul""",478
"""White",728
" Meyers and Knapp""",502
Bauer Group,732
Byrd Inc,734
"""Miller",2173
" Henry and Hernandez""",495
Coleman Inc,747
Washington-Booth,751
" Lopez and Patterson""",516
" Boyd and Brown""",506
James LLC,801
"""Arroyo",777
" Campbell and Gilbert""",523
"""Wells",763
" Bailey and Romero""",511
Wagner-Stewart,742
" Meyers and Martinez""",451
"""Jackson",707
Smith and Sons,747
" Johnson and Becker""",503
